,Teff,FeH,logg,SOURCE_ID,e_bv,bpDered,rpDered,gDered,NUVDered,bp_rp_dered,colorColorY
0,4720,-2.84,1.64,4632302346781151488,0.07917057,14.032363369430062,12.947809103669167,13.577223392744484,19.5179150732,1.0845542657608949,-1.3039716542458164
1,5071,-1.49,2.32,4750437655640204672,0.01725332,14.706869311077472,13.616029354201372,14.246823806433245,20.0581059632,1.090839956876101,-1.3219722564946563
2,5890,-2.48,3.27,3823746299149702912,0.02626523,16.484266834749164,15.902944638695102,16.26826653993122,18.9284097348,0.581322196054062,-1.1898645395514054
3,4720,-2.96,1.79,5461712380484527104,0.07400279,14.964898464660738,13.926459841627635,14.538312371818439,20.252909800399998,1.0384386230331035,-1.219247249315175
4,4648,-2.82,1.70,5461371257003291008,0.05468017,15.03307309458538,13.887300849226607,14.545097534034126,21.0981455692,1.1457722453587724,-1.0281020256320206
5,4665,-2.25,1.47,3782888172183427840,0.05341361,14.091241401883266,12.871706906541815,13.561971360618584,20.168325463600002,1.2195344953414509,-1.4494197561194282
6,5170,-2.43,2.62,6550624269490355456,0.01748216,16.2868417610866,15.392636266398092,15.929323478409009,20.2849091616,0.8942054946885065,-1.5017045538752907
7,4810,-2.21,1.90,2307996956788376704,0.009165802,14.095373132320102,12.99904488079999,13.633810924402752,20.10772959352,1.0963282515201112,-0.6749500413607246
8,4711,-2.18,1.56,4972144279777499776,0.01312367,14.211136443826227,12.99284820823914,13.682940899292458,21.014574629200002,1.218288235587087,-0.6190529021160627
9,4639,-2.43,1.56,4924443101677817984,0.0156727,15.062019316581818,13.796793621468327,14.506020624443941,21.459349652,1.2652256951134913,-1.3082908662376944
10,4765,-3.00,1.90,4977550544093082624,0.01166383,14.742578180492414,13.715529191598526,14.319762069450658,19.7415038708,1.0270489888938883,-1.2833695570102748
11,4720,-2.41,1.82,4975489337747579136,0.01425484,13.56417155673388,12.393951106662614,13.063936346400025,20.039024958400002,1.170220450071266,-0.6662019670632269
12,4630,-3.17,1.37,4974720126284150400,0.01158344,15.312414719682579,14.20043872418976,14.843994617253923,20.8196958944,1.1119759954928181,-1.2807830763033197
13,4468,-3.67,1.05,4925175685659515648,0.01285692,14.483372283437415,13.361057686031625,14.009737487804431,20.0983858992,1.12231459740579,-1.2381199839376347
14,5413,-3.78,3.41,4903905598859396480,0.0188601,15.366940562403638,14.515460949634425,15.03245343074782,18.913652876,0.8514796127692126,-1.7022876069998807
15,4810,-2.86,1.90,4926978266253100672,0.01688044,14.313900666882097,13.372176674783027,13.93497563100009,18.5651756144,0.9417239920990692,-1.5340403342439481
16,4486,-3.63,1.15,4927175937828177280,0.01200263,13.803865358365345,12.690757198201709,13.334286421955216,19.3480009588,1.1131081601636357,-1.2511575822636312
17,4855,-2.85,2.04,5032890166907460992,0.030945,12.657954301398151,11.691436467930767,12.265383217042535,17.0697082,0.9665178334673836,-1.5564307175379932
18,4698,-1.49,1.34,4929544698191619968,0.01212117,14.326282421037526,12.9318196135505,13.694475845150821,21.5825827292,1.3944628074870256,-1.2043485194656665
19,4945,-2.60,1.88,5011258100264740736,0.014087,13.099040383544496,12.140026650620054,12.709048876127442,17.861050119999998,0.9590137329244417,-1.1174001440088732
20,4639,-2.53,1.65,4633520777463318400,0.06383521,14.185289666208622,12.869920498897697,13.60192631706548,21.1970530796,1.3153691673109247,-1.1058225079210118
21,4810,-2.95,2.02,4633304379831604992,0.06504633,14.792667452786414,13.819048577501526,14.397804554930225,19.5084945708,0.9736188752848882,-1.3816736185517726
22,5008,-2.55,2.19,4942994611617199872,0.01581632,13.924512983811136,12.985391361740104,13.5461026605568,18.445589843199997,0.9391216220710312,-1.245149700261706
23,4630,-3.21,1.48,4743316324985830784,0.03028369,13.6527011788415,12.528098255939057,13.177200462466473,19.532866084400002,1.1246029229024437,-1.0287799144658827
27,4846,-3.74,2.33,4739093513140451200,0.04293858,13.470406834792316,12.523232016007462,13.08888885342685,17.9537246808,0.9471748187848537,-1.4007896413015475
36,4900,-2.43,2.12,4643712185100788608,0.0395534,13.865225580322711,12.90320589812666,13.474219029736949,18.474863384000002,0.9620196821960505,-1.3526515502743255
37,5134,-2.54,2.81,4633685223171153408,0.06386971,15.218248614495074,14.320475771623764,14.860416048416452,19.151943299600003,0.8977728428713103,-1.7071421790635144
41,4882,-2.77,2.05,4744966898097944192,0.03030167,13.162389916032264,12.19860653514361,12.771611047029571,17.776825909200003,0.9637833808886551,-1.3361820665762556
42,4720,-3.20,1.71,4738641167184881536,0.03506249,15.126127526229814,14.136132995449552,14.72423200573967,19.944787572400003,0.9899945307802618,-1.3028008776716984
43,4720,-3.15,1.70,5049916997816908928,0.02714876,15.423158703557434,14.373607875536601,14.991059501886598,20.3602329776,1.0495508280208323,-1.5206734045354109
44,4999,-3.09,2.38,4750024273628038784,0.01446024,14.997730525245007,14.061722188553492,14.623462886171438,19.1840878624,0.9360083366915148,-1.5603438260948472
45,4675,-3.19,1.43,4854820204340366208,0.03048275,15.418711996033485,14.371467616414513,14.986754678715892,20.50498489,1.0472443796189719,-1.3649465775233187
54,4882,-3.22,2.11,4670401077518232960,0.04730527,14.311964234868215,13.350237233879968,13.922609783492868,18.7246798452,0.9617270009882475,-1.5688416612236082
55,4900,-2.95,2.28,4629230620532177920,0.1438462,13.634303626590825,12.702212886081949,13.259670880806325,17.897903512,0.9320907405088761,-1.7817673013076956
56,4567,-2.82,1.13,4782682311593928320,0.01501516,13.47321648680584,12.256928889176221,12.947468951419635,20.0971902416,1.21628759762962,-0.7925511429925294
57,5170,-3.06,2.78,4820909925710430976,0.02800636,12.942787820499133,12.10164322418574,12.613770653041653,-999.2027660464,0.8411445963133932,-1017.356595922437
58,5404,-2.42,3.23,4765531991784712576,0.07447544,14.247456865411234,13.44001099527649,13.931481037553299,17.6636078144,0.8074458701347442,-1.7093973414758379
59,4693,-2.34,1.54,5285261311351187712,0.07197776,13.657608959818168,12.560616847584962,13.19684441514597,19.552301017599998,1.096992112233206,-0.9520887119158417
60,4801,-1.95,1.53,5215145557926002048,0.281752,13.699607467202375,12.549950732720447,13.211963524757282,20.238865519999997,1.149656734481928,-1.1148392541325345
61,4459,-3.48,1.20,5736648424105052800,0.0453195,14.421381459480628,13.209233177016383,13.898236164599822,21.375786820000002,1.2121482824642449,-0.5109540160175907
62,4945,-2.27,2.05,5736185220472014336,0.0670903,14.13679021015758,13.18580579163839,13.751149803564854,18.822226228,0.9509844185191891,-1.2799674923747277
63,5170,-2.54,2.79,5757892844179056768,0.04135561,15.779358963757192,14.903439933985005,15.43402363588244,19.6027953836,0.8759190297721862,-1.6310713099192098
64,5062,-2.97,2.54,3839832089839503488,0.0336435,15.644279896983745,14.743419258588979,15.285369920621697,19.58874106,0.9008606383947662,-1.63844908956598
65,5440,-2.28,3.31,3820511952552845312,0.03102111,15.696133274311597,14.887539021916988,15.383191234641258,19.248067163600002,0.8085942523946095,-1.471870476964959
66,4900,-2.95,1.96,3821097781797222528,0.02806209,15.80994085977816,14.865166300278227,15.42840387451861,20.1724804684,0.9447745594999333,-1.4683551683495661
70,5097,-2.85,2.57,5692259902740463360,0.04599775,13.620883076270127,12.753566572611222,13.27844878905937,17.40869629,0.8673165036589054,-1.6257334837828843
71,5035,-2.50,2.39,3833357512540069888,0.03393085,15.337767549937064,14.358328181803078,14.939981731400986,19.957750646,0.9794393681339866,-1.4343042468709113
72,5022,-1.78,2.22,5388294656205380992,0.3197668,13.17453373674105,12.15147831204667,12.75476383802758,18.211838368,1.0230554246943804,-1.9658328925134736
73,4954,-1.91,2.23,5388282217980329472,0.3173066,13.653145276793564,12.53822868911518,13.185409037139232,18.948120216,1.114916587678385,-2.2390646039095037
74,5485,-2.83,3.56,3784174635147822848,0.03799521,16.106795652796052,15.389603555243516,15.829664565671765,18.9574546796,0.7171920975525357,-1.6345959544914797
75,4882,-2.46,2.06,6144678597923885824,0.1121063,12.753142694285412,11.784072186469684,12.358256963591534,17.552190388,0.9690705078157276,-1.3859389128022288
76,4792,-1.99,1.69,6143888938119406208,0.1729905,13.768781038590094,12.641687243921282,13.29290120559252,19.71082878,1.127093794668811,-1.3261578853472722
77,5062,-2.53,2.65,3521531170180277760,0.04957541,16.356441240628474,15.512761045951622,16.022355537989416,19.940764031599997,0.8436801946768515,-1.693639233799538
78,4792,-2.84,1.80,3679882078898432256,0.03077015,14.40385807671202,13.32137214885874,13.950825594871015,20.000434114,1.0824859278532788,-1.0628574170463105
79,4675,-2.66,1.63,6156352078514249216,0.06504848,13.770733852286208,12.66021581691803,13.30238173671967,19.7564590048,1.1105180353681785,-0.9240812250931603
80,5040,-3.23,2.46,6156127709422808320,0.07020407,14.019358830282544,13.113361797218685,13.65890532944472,17.935292533200002,0.9059970330638585,-1.7915041817150783
81,4702,-2.21,1.48,6184261085241420288,0.09361597,13.029648065597195,11.887247499421315,12.54273461233322,19.4273603772,1.1424005661758798,-0.7687863029432194
82,4653,-2.39,1.32,6088457098066948352,0.1141415,13.179555673260294,11.907520494163727,12.62120095110906,20.82171554,1.2720351790965676,-0.3382751241276907
83,4734,-2.56,1.58,6195800528494048128,0.09011257,13.720051868611227,12.671503880558332,13.285915470727373,19.253284993199998,1.0485479880528956,-1.0713689291438246
87,5260,-2.47,2.97,6295923362989312000,0.08273479,14.793993797990566,13.950486807491876,14.462574708331802,18.516170120399998,0.8435069904986907,-1.6421123178414918
88,4765,-2.62,1.88,6294863841801766272,0.07804763,16.00377611190626,15.000605256635948,15.597543051858242,20.8007051588,1.0031708552703105,-1.512653400457018
89,5170,-2.48,2.75,6301695730315678336,0.09007341,15.653072937834265,14.758790853669748,15.298084521223965,19.8003285116,0.8942820841645176,-1.540037035469365
90,4837,-2.63,1.90,6250246214002836608,0.2391905,13.201781231313,12.233755261399061,12.80904130408522,18.08421078,0.9680259699139384,-1.6068910244405998
91,4936,-2.11,1.94,4353569964388785408,0.2984959,12.712098258324378,11.717621693518728,12.307623091774218,18.069769684,0.9944765648056499,-1.4291939872367232
92,4833,-2.32,1.72,6034664728651334144,0.3007765,12.347556023310363,11.408674558687627,11.968724914194016,17.361498140000002,0.9388814646227353,-1.4498803800477766
93,4941,-2.09,2.07,6034710667615052160,0.3461992,13.313854259428892,12.368600011152653,12.935011354089651,18.376557792,0.9452542482762389,-1.5484898217955525
94,4801,-2.34,1.60,5954269464897669376,0.2107604,13.74631830340942,12.662140017568705,13.295946018799293,19.476954703999997,1.084178285840716,-1.3769561539646569
95,4797,-2.60,1.77,5954259504896609536,0.2186599,12.544760234161375,11.557620171206137,12.141352360508074,17.796362324,0.9871400629552376,-1.3001940852090446
96,4968,-2.60,2.15,5956940109923924864,0.2423114,13.226684194479393,12.298187901123459,12.857968566826125,17.879905463999997,0.9284962933559342,-1.614909442813575
97,4518,-2.85,1.09,6730001413961209344,0.1150691,13.456496844158206,12.250194064052645,12.937290131508929,19.741689716,1.2063027801055615,-1.3125913546861492
98,4518,-3.49,1.25,6737084154322454784,0.1608225,13.861987044324906,12.587938502279094,13.305404472770675,19.7872651,1.2740485420458114,-2.178358423297775
99,4855,-2.94,2.07,4081595661509060352,0.1836192,13.326788428564477,12.336818952989622,12.923309221381848,18.366776992,0.9899694755748545,-1.4455555992365552
100,5035,-2.52,2.47,6346006392513835520,0.1254451,14.910276537374003,13.828896573806881,14.45815176389969,20.823827476,1.0813799635671213,-0.9707452871862872
101,4792,-3.16,1.84,6660502280387982336,0.0508608,14.756630345123023,13.711839873907943,14.323713548644136,19.726047808,1.0447904712150802,-1.5154852548980209
102,5260,-1.24,2.64,6362553905072497792,0.4437768,12.65328954700853,11.611514867584718,12.226211014812778,17.811385968,1.0417746794238116,-2.239535948254775
103,4801,-2.21,1.90,6747472550633661824,0.1852819,13.584763570909113,12.442241441997789,13.099816795903134,19.247919044,1.1425221289113239,-1.7240337939236063
104,4639,-2.44,1.53,6428759348471831680,0.06476034,13.180260224460138,11.857041455438921,12.592528240115072,20.5568851384,1.3232187690212172,-0.7895658602379125
108,4648,-3.04,1.62,6665384421251424000,0.06024087,13.94078723298793,12.824535458947404,13.468663279458362,19.5162561012,1.116251774040526,-1.355959430063419
109,5395,-3.14,3.26,6700648095618279552,0.1921703,15.128784657302537,14.14952244253635,14.7351413909243,19.064087028,0.9792622147661874,-2.5120413679802187
110,4783,-2.91,1.72,6473622480901970176,0.05109453,13.739589742635973,12.752240779199203,13.336692124356043,18.714715602800002,0.9873489634367694,-1.1683506595389996
111,4900,-2.47,2.08,6475332462000476800,0.05187501,13.358061484039252,12.22340651918661,12.878058104785321,18.7270449276,1.1346549648526416,-1.6533493439421685
112,4828,-2.49,2.00,6449460334925489408,0.03871023,14.220788507720282,13.190248242534981,13.79515320716256,19.5454779348,1.0305402651853015,-1.045006788904459
113,4927,-1.80,1.97,6449260876643493888,0.03536888,13.694494858372703,12.564172388496443,13.21497547088708,19.9586293088,1.1303224698762602,-0.690335745395692
114,4824,-2.26,1.81,6464859579386032640,0.0221929,14.614712124136668,13.435369210789005,14.106083513118344,21.407353404000002,1.1793429133476625,-0.41858253275980406
115,4783,-3.24,2.06,6399358510623784192,0.03359728,14.331470529046616,13.30417140224378,13.907939424317297,19.2072156928,1.027299126802836,-1.4623046314184363
116,4522,-2.45,1.46,6566733042551632896,0.02194051,14.593204608130584,13.16877840320279,13.94501480699596,22.1021207076,1.4244262049277943,-1.1528116244306617
117,4819,-2.26,1.92,6506319306715395200,0.01737753,12.845523106008272,11.73113445979119,12.37436524053942,18.7499366828,1.1143886462170816,-0.9108705176110279
118,4612,-3.30,1.38,6610033116122218752,0.02498287,14.161223443361802,13.12245891812276,13.732032858094643,19.1920040212,1.038764525239042,-1.354499392853775
119,4495,-3.21,0.98,6610068261839783680,0.02619999,14.550889230709117,13.36061452155355,14.039822698932568,-999.1896879276,1.1902747091555668,-1021.0300315371112
